SERVICO_OU_PRODUTO,RAZAO_SOCIAL,NOME_FANTASIA,TELEFONE,EMAIL,UF,CIDADE,ENDERECO,CNPJ,SITE,CNAE,PORTIFÓLIO,NOTA
Aquisição - (Acessórios de Informática),Ferreira Costa & CIA LTDA,-,(81) 3338-8309,SANDRO.MELO@FERREIRACOSTA.COM.BR,PE,Recife,"Avenida Mal. Mascarenhas de Morais, 2929/2967 - Imbiribeira",10.230.480/0019-60,https://www.ferreiracosta.com/,47.44-0-99 - Comércio varejista de materiais de construção em geral,,
Aquisição - (Acessórios de Informática),Magazine Luiza S/A,Magazine Luiza,(16) 3711-2002,FISCAL.ESTADUAL@MAGAZINELUIZA.COM.BR,SP,Louveira,"Rodovia bandeirantes KM 68, 760, 13213-902 - Rio Abaixo",47.960.950/0449-27,https://www.magazineluiza.com.br/,"47.13-0-04 - Lojas de departamentos ou magazines, exceto lojas francas (Duty free)",,
Aquisição - (Acessórios de Informática),Ana Luiza Lins da Silva 05935772485,Analu Store,(81) 9634-7629,ANALUIZALINS90@GMAIL.COM,PE,Recife,"Rua Pudrente de Moraes, 436, 52041-725 - Hipodromo",45.344.060/0001-60,-,47.53-9-00 - Comércio varejista especializado de eletrodomésticos e equipamentos de áudio e vídeo,,
Aquisição - (Acessórios de Informática),Central Cabos Comercio de Conexoes Eletronicas LTDA,Central Cabos,(11) 3334-0044/ (11) 3334-0044,rochaview@uol.com.br,SP,São Paulo,"Rua Aurora, 154, 01209-000 - Santa Efigenia",08.626.431/0001-70,https://www.centralcabos.com.br/,"46.52-4-00 - Comércio atacadista de componentes eletrônicos e equipamentos de telefonia e comunicação
",,
Aquisição - (Acessórios de Informática),TECNO INDUSTRIA E COMERCIO DE COMPUTADORES LTDA,IBYTE COMPUTADORES,(85) 3535-4469/ (85) 3535-4480,"CONTABILIDADE@IBYTE.COM.BR
",CE,Fortaleza,"R CLEIA,440,60.863-280 - BARROSO",07.272.825/0004-57,-,"46.51-6-01 - Comércio atacadista de equipamentos de informática
",,
Aquisição - (Acessórios de Informática),,,(11)2338-9260 | (11)93081-0836,JULIANA@KMREPRESENTAÇÃO.COM,,,,,,,Link,
Aquisição - (Acessórios de Informática),TERABYTE ATACADO E VAREJO DE PRODUTOS DE INFORMATICA LTDA,TERABYTE SHOP,(41) 3086-2957,"ECAVALHERE72@GMAIL.COM
",PR,Curitiba,"AV JOAO GUALBERTO, 1259, SALA 801 ANDAR 08 COND LAIS PERETTI CT EMPR, 80.030-000 - 80.030-000",07.993.973/0001-18,-,47.51-2-01 - Comércio varejista especializado de equipamentos e suprimentos de informática,,
Aquisição - (Baterias Alcalinas),COFERMETA S/A ,COFERMETA S/A ,(31) 3290-2184,CARLOSMOREIRA@COFERMETA.COM.BR,MG,Contagem,"R MANOEL PEREIRA MENDES,333,SALA A, 32.010-040  - CINCO","17.281.973/0013-82
",-,47.44-0-01 - Comércio varejista de ferragens e ferramentas,,
Aquisição - (Baterias Alcalinas),AMERICANAS S.A - EM RECUPERACAO JUDICIAL,-,(11) 4003-4848/ (11) 4003-5544,FISCAL.NFE@B2WDIGITAL.COM,SP,Osasco,"R HENRY FORD, 643, GALPAO DE ESTOCAGEM DOCAS F03 A F18 L06 E L07, 06.210-108 - PRESIDENTE ALTINO",00.776.574/0001-56 ,-,47.89-0-99 - Comércio varejista de outros produtos não especificados anteriormente,,
Aquisição - (Baterias Alcalinas),MAGAZINE LUIZA AS,MAGAZINE LUIZA,(16) 3711-2002,FISCAL.ESTADUAL@MAGAZINELUIZA.COM.BR,SP,Louveira,"ROD DOS BANDEIRANTES, KM 68+760, SN, SETOR A, 13.294-901 - GLEBAS",47.960.950/0449-27,-,"47.13-0-04 - Lojas de departamentos ou magazines, exceto lojas francas (Duty free)",,
Aquisição - (Bobinas),CONNECT SIGN ADESIVOS COMERCIO ATACADO E VAREJO LTDA,CONNECT SIGN,(81) 9520-8768,CONTATO@CONNECTSIGN.COM.BR,PE,Caruaru,"R PADRE MANOEL DA NOBREGA, 00191, 55.008-540 - SAO FRANCISCO",42.680.653/0001-09,-,47.61-0-03 - Comércio varejista de artigos de papelaria,,
Aquisição - (Bobinas),PRINT MAIS DISTRIBUIDORA DE PRODUTOS ELETRONICOS LTDA,PRINT MAIS DISTRIBUIDORA,(83) 4009-3939/ (83) 3022-0458,ADRIANO.ADM@PRINTMAISPB.COM.BR,PB,João Pessoa,"R JOAQUIM TORRES, 582, GALPAO598, GALPAO598 - TORRE",10.528.952/0001-36,-,46.49-4-02 - Comércio atacadista de aparelhos eletrônicos de uso pessoal e doméstico,,
Aquisição - (Bobinas),TEGAPE QUIMICA LTDA,TEGAPE QUIMICA,(41) 2105-8006/ (41) 2105-8002,CONTABILIDADEPI@TEGAPE.COM.BR,PR,Curitiba,"R MATEUS LEME,799, 80.510-192 - SAO FRANCISCO",76.760.776/0001-71,-,"46.93-1-00 - Comércio atacadista de mercadorias em geral, sem predominância de alimentos ou de insumos agropecuários",,
Aquisição - (Camisetas),MAGAZINE LUIZA AS,MAGAZINE LUIZA,(16) 3711-2002,FISCAL.ESTADUAL@MAGAZINELUIZA.COM.BR,SP,Louveira,"ROD DOS BANDEIRANTES, KM 68+760, SN, SETOR A, 13.294-901 - GLEBAS",47.960.950/1088-36,-,"47.13-0-04 - Lojas de departamentos ou magazines, exceto lojas francas (Duty free)",,
Aquisição - (Camisetas),EMPÓRIO DA FAMILIA - INDUSTRIA E COMERCIO DE CONFECCOES LTDA,EMPORIO DA FAMILIA,(41) 3286-1158,JOAO@EMPORIODAFAMILIA.COM.BR,PR,Curitiba,"R BLEY ZORNING, 1158, SALA 02, 81.730-350 - BOQUEIRAO",07.283.550/0001-04,-,"14.12-6-01 - Confecção de peças de vestuário, exceto roupas íntimas e as confeccionadas sob medida",,
Aquisição - (Camisetas),MRANTE INDUSTRIA E COMERCIO EIRELI - ME,-,(47) 9191-2223,FINANCEIRO@LOJAMIRANTE.COM.BR,SC,Gaspar,"R ANFILOQUIO NUNES PIRES, 5021, GALPAO, 89.111-081 - BELA VISTA",23.966.188/0001-22,-,"14.12-6-01 - Confecção de peças de vestuário, exceto roupas íntimas e as confeccionadas sob medida",,
Aquisição - (Camisetas),ISMART INDUSTRIA E COMERCIO DE CONFECCAO LTDA,ISMART COMERCIO,(81) 3241-3416,-,PE,Recife,"AV RECIFE, 5605, GALPAO: A; BLOCO: A; SALA: 1;, 50.781-000 - AREIAS",05.419.871/0001-68,-,"18.22-9-99 - Serviços de acabamentos gráficos, exceto encadernação e plastificação",,
Aquisição - (Canecas),MADEIRAMADEIRA COMERCIO ELETRONICO S/A,MADEIRAMADEIRA COMERCIO ELETRONICO S/A,(41) 4063-7105,EMERSON.FREITAS@MADEIRAMADEIRA.COM.BR,PR,Curitiba,"R MARECHAL DEODORO, 717, CONJ 202 ANDAR 02 COND MURALHA ED, 80.020-320 - CENTRO",10.490.181/0001-35,-,47.54-7-01 - Comércio varejista de móveis,,
Aquisição - (Canecas),MAGAZINE LUIZA AS,MAGAZINE LUIZA,(16) 3711-2002,FISCAL.ESTADUAL@MAGAZINELUIZA.COM.BR,SP,Louveira,"ROD DOS BANDEIRANTES, KM 68+760, SN, SETOR A, 13.294-901 - GLEBAS",47.960.950/1088-36,-,"47.13-0-04 - Lojas de departamentos ou magazines, exceto lojas francas (Duty free)",,
Aquisição - (Canecas),ARDAGGIO LTDA,ARDAGGIO,(62) 9188-4639,HELIO.JUNIOR00@GMAIL.COM,GO,Anapolis,"R JOAO ANTONIO GUIMARAES,S/N, QUADRA- 04 LOTE 18, 75.060-005 - NOVA ALEXANDRINA",37.576.838/0001-38,-,47.59-8-99 - Comércio varejista de outros artigos de uso pessoal e doméstico não especificados anteriormente,,
Aquisição - (Filamentos),3D FILA INDUSTRIA E COMERCIO LTDA,3D FILA,(31) 3029-1400,CONTABJF@CONTABJF.COM.BR,MG,Belo Horizonte,"AV DEL REY, 111, SALA 604 BLOCO D ,30.775-240 - CAICARAS",36.347.341/0001-85,-,22.29-3-02 - Fabricação de artefatos de material plástico para usos industriais,,
Aquisição - (Filamentos),GTMAX3D EQUIPAMENTOS ELETRONICOS E MATERIAIS PLASTICOS LTDA,-,(19) 3406-2511,CONTASPAGAR@GTMAX.COM.BR,SP,Americana,"R DO VIDRACEIRO, 192, 13.478-734 - JARDIM WERNER PLAAS",29.012.453/0001-10,-,"26.51-5-00 - Fabricação de aparelhos e equipamentos de medida, teste e controle",,
Aquisição - (Filamentos),PRINTALOT COMERCIO LTDA,-,(11) 5073-9225,PRINTALOT@PRINTALOT.COM.BR,SP,São Paulo,"R IGUATEMI, 239, ANDAR 4 CONJ 43, 01.451-011 - ITAIM BIBI",29.207.588/0001-30,-,46.89-3-99 - Comércio atacadista especializado em outros produtos intermediários não especificados anteriormente,,
Aquisição - (Lampada Projetor),LC Equipamentos Comercio e Serviço Eireli,Mercado do Projetor,(81) 9 9973 - 4759 | 3849 / 6606,pgomes@mercadodoprojeto.com.br,SP,São Paulo,"Rua Comendador Miguel Calfat, 128, CJ 1311 - Vila Nova Conceição",25.070.056/0001-43,-,47.53-9-00 - Comércio varejista especializado de eletrodomésticos e equipamentos de áudio e vídeo,,
Aquisição - (Lampada Projetor),DULCE MARIA GIUSFREDI EQUIPAMENTOS AUDIOVISUAIS,LITEPLAY TECNOLOGIA AUDIOVISUAL,(11) 2273-9987,sac@liteplay.com.br,SP,São Paulo,"R CONSELHEIRO AMARAL, 82, 05.116-080 - VILA JAGUARA",14.047.019/0001-06,https://www.liteplay.com.br/,47.51-2-01 - Comércio varejista especializado de equipamentos e suprimentos de informática,,
Aquisição - (Lampada Projetor),MRC do Brasil - Comercial de Eletroeletronico LTDA,Projetor Lâmpadas,(41) 9 9962 - 0028,vendas01@projetorlampadas.com.br,PR,Curitiba,"Rua Francisco Rocha, 1928 - Bigorrilho",13.382.506/0001-54,-,46.49-4-02 - Comércio atacadista de aparelhos eletrônicos de uso pessoal e doméstico,,
Aquisição - (Material de Escritório ),P H DISTRIBUIDORA E ATACADO DE LIMPEZA LTDA,BR DISTRIBUIDORA,(81) 9866-6351,PEDRO.ALVES.HF@BRD-BR.COM,PE,Jaboatão dos Guararapes,"R SILVIA FERREIRA, 110, 54.400-220 - PIEDADE",44.747.811/0001-26,-,46.46-0-02 - Comércio atacadista de produtos de higiene pessoal,,
Aquisição - (Material de Escritório ),DISFA - DISTRIBUIDORA FACIL EIRELI - ME,DisFá - Distribuidora Fácil,(81) 3077-2589,ERICKA@DISFA.COM.BR,PE,Recife,"R VISCONDE DE BARBACENA, 94, 1 TRAVESSA AO LADO DO N 11, 50.740-445 - VARZEA",11.142.529/0001-66,-,"46.49-4-08 - Comércio atacadista de produtos de higiene, limpeza e conservação domiciliar",,
Aquisição - (Material de Escritório ),FORTPEL COMERCIO DE DESCARTAVEIS LTDA,FORTPEL,(81) 3541-3424,CONTABILIDADE01@FORTPEL.COM.BR,PE,Paulista,"R DA LINHA, 3770, GALPAO02 03, 53.405-640 - MIRUEIRA",22.006.201/0001-39,-,"46.49-4-08 - Comércio atacadista de produtos de higiene, limpeza e conservação domiciliar",,
Aquisição - (Material de Escritório ),S.A.B. ALBUQUERQUE & BARROSO LTDA,SAN DISTRIBUIDORA,(81) 3040-5333/ (81) 9904-2655,ALESSANDRAALBU@GLOBO.COM,PE,Recife,"R COSMORAMA, 864, GALPAO 03, 51.030-640 - BOA VIAGEM",24.555.390/0001-24,-,"46.49-4-08 - Comércio atacadista de produtos de higiene, limpeza e conservação domiciliar",,
Aquisição - (Material de Limpeza),DISFA - DISTRIBUIDORA FACIL EIRELI - ME,DisFá - Distribuidora Fácil,(81) 3077-2589,ERICKA@DISFA.COM.BR,PE,Recife,"R VISCONDE DE BARBACENA, 94, 1 TRAVESSA AO LADO DO N 11, 50.740-445 - VARZEA",11.142.529/0001-66,-,"46.49-4-08 - Comércio atacadista de produtos de higiene, limpeza e conservação domiciliar",,
Aquisição - (Material de Limpeza),Fortpel Comercio de Descartaveis LTDA,Fortpel,(81) 3541-3424,CONTABILIDADE01@FORTPEL.COM.BR,PE,Paulista,"R DA LINHA, 3770, GALPAO02 03, 53.405-640 - MIRUEIRA",22.006.201/0001-39,-,"46.49-4-08 - Comércio atacadista de produtos de higiene, limpeza e conservação domiciliar",,
Aquisição - (Material de Limpeza),R. A. Produtos e Equipamentos de Limpeza LTDA,Shopping do condomínio Caruaru,(81) 3719-6373,HUGOJLT@HOTMAIL.COM,PE,Caruaru,"R PARANAIBA, 51, A, 55.014-220 - MAURICIO DE NASSAU",13.714.064/0001-04,-,"47.72-5-00 - Comércio varejista de cosméticos, produtos de perfumaria e de higiene pessoal",,
Aquisição - (Passagens Áereas),CLEATUR AGENCIA DE VIAGENS E TURISMO LTDA,-,(81) 3040-4588,BETE.RECIFE@FLYTOUR.COM.BR,PE,Recife,"AV CONS AGUIAR, 2034, APTO 0102 EDF BARAO DE CAMACARI CXPST 112, 51.111-010 - BOA VIAGEM",42.522.054/0001-67,-,79.11-2-00 - Agências de viagens,Link,
Aquisição - (Passagens Áereas),AZUL LINHAS AEREAS BRASILEIRAS S.A. ,-,(11) 4831-1226,TRIBUTARIO@VOEAZUL.COM.BR,SP,Barueri,"AV MARCOS PENTEADO DE ULHOA RODRIGUES, 939, ANDAR 9 EDIF JATOBA COND CASTELO BRANCO OFFICE PARK, 06.460-040 - TAMBORE",09.296.295/0001-60,-,51.11-1-00 - Transporte aéreo de passageiros regular,,
Aquisição - (Passagens Áereas),123 VIAGENS E TURISMO LTDA,-,(31) 3214-5800,FINANCEIRO@123MILHAS.COM.BR,MG,Belo Horizonte,"R DOS AIMORES, 1017, 30.140-071 - BOA VIAGEM",26.669.170/0001-57,-,"74.90-1-04 - Atividades de intermediação e agenciamento de serviços e negócios em geral, exceto imobiliários",,
Aquisição - (Passagens Áereas),MM TURISMO & VIAGENS S.A,MAX MILHAS ,(31) 3972-2113,CONTABILIDADE@MAXMILHAS.COM.BR,MG,Belo Horizonte,"R MATIAS CARDOSO, 169, ANDAR 5 ANDAR 10 ANDAR 11, 30.170-050 - SANTO AGOSTINHO",16.988.607/0001-61,-,79.11-2-00 - Agências de viagens,,
Aquisição - (Resmas de Papel),MARPAX IMPORTACAO E DISTRIBUICAO LTDA,MARPAX IMPORTACAO E DISTRIBUICAO,(11) 3197-5849,SAC@MARPAX.COM.BR,SP,São Paulo,"R CANTIGAS DE SAUDADE, 4, LOTE 4 QUADRAA, 05.890-050 - JARDIM AMALIA",35.735.022/0001-84,-,46.69-9-99 - Comércio atacadista de outras máquinas e equipamentos não especificados anteriormente; partes e peças,,
Aquisição - (Resmas de Papel),CRIDON COMÉRCIO LTDA,-,(11) 3101-6823/ (11) 2866-0709,SOCD@SOCD.COM.BR,SP,São Paulo,"R BRESSER, 736, LETRA A, 03.017-000 - BRAS",07.686.203/0001-22,-,47.51-2-01 - Comércio varejista especializado de equipamentos e suprimentos de informática,,
Aquisição - (Resmas de Papel),CREATIVE CÓPIAS LTDA,CREATIVE CÓPIAS,(66) 3631-1646/ (66) 3531-1646,NARDI@NARDICONTABIL.COM.BR,MT,Sinop,"AV DOS INGAS, 2314, SALA: A, 78.550-092  - SETOR COMERCIAL",03.769.753/0001-54,-,47.51-2-01 - Comércio varejista especializado de equipamentos e suprimentos de informática,,
Aquisição - (Tecidos),COMERCIAL ITAPEMA LTDA,-,-,-,PE,Recife,"R VIDAL DE NEGREIROS, 144, 50.020-480 - SAO JOSE",05.562.769/0001-17,-,46.41-9-01 - Comércio atacadista de tecidos,,
Aquisição - (Tecidos),JOSEFA MENDES DE ARAUJO SANTOS 12958162885,PURO ALGODAO COMERCIO DE TECIDOS,(11) 4824-2340,puroalgodao2016@gmail.com,SP,São Paulo,"AV NORDESTINA, 4281, SALA 02, 08.032-000 - VILA NOVA CURUCA",27.353.350/0001-98,-,47.55-5-01 - Comércio varejista de tecidos,,
Aquisição - (Tecidos),FANE TECIDOS LTDA.,FANE TECIDOS,(41) 3333-3333,WILIAN@FANETECIDOS.COM.BR,PR,Curitiba,"R CARLOS ESSENFELDER, 3778, 81.730-060 - BOQUEIRAO",12.536.239/0001-60,-,46.41-9-01 - Comércio atacadista de tecidos,,
Aquisição - (Tecidos),AVIL TEXTIL LTDA,AVIL MAGAZINE,(81) 2103-7733/ (81) 2103-7777,CONTABILIDADE@AVIL.COM.BR,PE,Recife,"R DO LIVRAMENTO, 109, RUA PENHA 03 07 13 FUNDOSRUA DO RANGEL 100, 50.020-570 - SANTO ANTONIO",04.917.296/0008-37,-,46.41-9-01 - Comércio atacadista de tecidos,,
Assessoria /Consultoria - (Experimentação e Validação de Protótipos),Alexandra Cisneiros Guerra,Alexandra Cisneiros Guerra,(81) 9 9993 - 6266,xandacisneiros@gmail.com,PE,Jaboatão,"Rua Quim Antônio Victor, 601, Ap 301, 54450-010 - Candeias",33.392.186/0001-20,-,"82.30-0-01 - Serviços de organização de feiras, congressos, exposições e festas",,
Assessoria /Consultoria - (Experimentação e Validação de Protótipos),CODA Produções Artisticas LTDA,CODA Produções Artisticas,(81) 9 8827 - 8222,aninha@coquetelmolotov.com.br,PE,Olinda,"Avenida Governador Carlos de Lima Cavalcanti, 3995, Loja 27, CP 272, 53040-000 - Casa Caida",16.435.371/0001-36,-,90.01-9-02 - Produção musical,,
Assessoria /Consultoria - (Experimentação e Validação de Protótipos),Amazing Model LTDA,Amazing Model,(81) 9 9835 - 1010 | (81) 9 8770 - 1011,viviani@amazingmodel.com.br | financeiro@amazingmodel.com.br,PE,Recife,"Avenida Rio Branco, 139, 50030-310 - Recife Antigo",04.708.738/0001-69,-,"74.90-1-05 - Agenciamento de profissionais para atividades esportivas, culturais e artísticas",,
Assessoria /Consultoria - (Experimentação e Validação de Protótipos),CRIATIVA GAME DESIGN LTDA,CRIATIVA GAME DESIGN,81) 8900-5905 | (81) 9917-0377,michael@luducontabilidade.com,PE,São Caitano,"Rua Olindino Santino, 38, 551300-000 - Centro",45.335.863/0001-58,-,62.02-3-00 - Desenvolvimento e licenciamento de programas de computador customizáveis (Dispensada *),,
Assessoria /Consultoria - (Experimentação e Validação de Protótipos),SALA DE AULA EMPREENDEDORA LTDA,SALA DE AULA EMPREENDEDORA,(81) 9665-6310,tenaflae@gmail.com,PE,Caruaru,"Avenida Adjar da Silva Case, 800, Cxpst 030 Coworking, 55024-740 - Indianopolis",40.250.733/0001-07,-,85.99-6-04 - Treinamento em desenvolvimento profissional e gerencial ,Link,
Assessoria /Consultoria - (Experimentação e Validação de Protótipos),W F DE LIMA MORAES LTDA,VIDEOCAST,81) 9894-0512,wfcreations@gmail.com,PE,Caruaru,"Rua Martins Afonso, 22, 55006-208 - São Francisco",25.222.219/0001-66,-,"63.99-2-00 - Outras atividades de prestação de serviços de informação não especificadas anteriormente
",,
Capacitação/Treinamento - (Club de TI),Inaldo Gomes de Barros LTDA,Makerama,(81) 9 9184 - 2451,igbarros07@gmail.com,PE,Recife,"Rua do Hospício, 949 EDF Bom Pastor",41.072.291/0001-00,-,85.99-6-04 - Treinamento em desenvolvimento profissional e gerencial,,
Capacitação/Treinamento - (Club de TI),Adeilsa da Silva Ferreira Gomes,Creative Maker Club,(81) 9 9400 - 3982,ferreiraadeilsa@gmail.com,PE,Caruaru,"Avenida Dom Bosco, 339 , 55012-550 - Maurício de Nassau",42.400.415/0001-00,-,85.99-6-04 - Treinamento em desenvolvimento profissional e gerencial,,10
Capacitação/Treinamento - (Club de TI),DUIT Tecnologia LTDA ME,DUIT Tecnologia,(81) 9 9400 - 3982,lucio@duit.works,PE,São Lourenço da Mata,"Avenida Clodoaldo, 11 - Gomes de Araujo",23.412.542/0001-77,-,"63.19-4-00 - Portais, provedores de conteúdo e outros serviços de informação na internet (Dispensada *)",,
Capacitação/Treinamento - (Empreendedora para mulheres artesãs do Alto do Moura em Caruaru),Cultive Soluções Culturais LTDA ,CULTIVE,(81) 9648-4055,ALGLIRA@GMAIL.COM,PE,Jaboatão dos Guararapes,"R POMBOS, 200, SL 207 CXPST 016, 54.440-360 - CANDEIAS",16.888.884/0001-00,-,"74.90-1-99 - Outras atividades profissionais, científicas e técnicas não especificadas anteriormente",Link,
Capacitação/Treinamento - (Empreendedora para mulheres artesãs do Alto do Moura em Caruaru),GEYSA KARLA ALVES GALVAO 04663530494,GALVAO SOLUCOES EMPRESARIAIS,(81) 9181-1964,GEYSAKARLAGALVAO@GMAIL.COM,PE,Recife,"R DO HOSPICIO, 923, 50.050-050 - BOA VISTA",31.205.324/0001-90,-,85.99-6-04 - Treinamento em desenvolvimento profissional e gerencial,,
Capacitação/Treinamento - (Empreendedora para mulheres artesãs do Alto do Moura em Caruaru),RANIELE DUARTE DA SILVA 06365910428,RANI DUARTE,(81) 9822-5341,RANIDUARTE@GMAIL.COM,PE,Recife,"R CARNEIRO PESSOA, 617, 51.011-070 - PINA",44.585.900/0001-13,-,85.92-9-99 - Ensino de arte e cultura não especificado anteriormente,Link,
"Capacitação/Treinamento - (Problematização, ideação de desafios envolvendo o contexto local de Caruaru)",AMANDA LOPES OLIVEIRA 11113428490,AMANDA LOPES OLIVEIR,(81) 9760-8223,AMANDALOPESOLIV@GMAIL.COM,PE,Recife,"R CONSELHEIRO PORTELA, 130A, APT 1301, EDF AQUARELA, 52.020-212 - GRACAS","42.164.340/0001-06
",-,85.99-6-04 - Treinamento em desenvolvimento profissional e gerencial,,
"Capacitação/Treinamento - (Problematização, ideação de desafios envolvendo o contexto local de Caruaru)",ARTHUR SANTOS FERREIRA 10484013408,-,(81) 3456-5127,ARTHURYPE@GMAIL.COM,PE,Caruaru,"R PROJETADA N 21, 90, 55.002-970 - BOA VISTA",27.458.143/0001-06,-,18.21-1-00 - Serviços de pré-impressão,,
"Clube de ciências (matemática, física, biologia e química)",VITOR EMANUEL MUNIZ GOMES 02424411492,PRA Q VENDER,(81) 9690-5800,vitmgor@yahoo.com.br,PE,Recife,"R DOUTOR JOSE MARIA, 246, APT 604,52.041-015, ENCRUZILHADA",32.658.203/0001-66,-,-,,
Clube de Programação,ADEILSA DA SILVA FERREIRA GOMES 00903856409,CREATIVE MAKER CLUB,(81) 2161-9110,FERREIRAADEILSA@GMAIL.COM,PE,Caruaru,"AV DOM BOSCO, 339, 55.012-550 - MAURICIO DE NASSAU",42.400.415/0001-00,-,85.99-6-04 - Treinamento em desenvolvimento profissional e gerencial,,
Coffee/Buffet,Panini Delicatessen,-,(81) 9971 - 0077,-,PE,Caruaru,"Avenida Agamenon Magalhães, 634 - Maurício de Nassau",02.098.202/0001-43,-,-,,
Coffee/Buffet,A.E.RIBEIRO LTDA,PANIFICADORA NOSSA SENHORA DE FATIMA,(81) 3721-1157/ (81) 9900-9610,BRENO_ROCHA13@HOTMAIL.COM,PE,Caruaru,"Rua Tupy, 502, 55016-080 - Salgado",29.142.829/0001-00,-,10.91-1-02 - Fabricação de produtos de padaria e confeitaria com predominância de produção própria,,
Coffee/Buffet,PANIFICADORA SONHO REAL LTDA,SONHO REAL,(81) 3721-5637/ (81) 3722-6760,IGSILVA1@HOTMAIL.COM,PE,Caruaru,"Rua Dr. José Mariano, 395 - Nossa Sra. das Dores",00.788.045/0001-72,-,10.91-1-02 - Fabricação de produtos de padaria e confeitaria com predominância de produção própria,,
Coffee/Buffet,PADARIA PAES E ALIMENTOS LTDA,PAES E DELICIAS,(81) 3723 - 3300 | (81) 9888 - 0068,-,PE,Caruaru,"Praça Dep. Henrique Pinto, 66 - Nossa Sra. das Dores",05.971.325/0001-35,-,10.91-1-02 - Fabricação de produtos de padaria e confeitaria com predominância de produção própria,,
Coffee/Buffet,Bacos - Buffet,Bacos's,(81) 9977 - 8744,bacosbuffet@gmail.com,PE,Caruaru,"Eventos, BR-104, KM 62 - Nova Caruaru",07.057.590/0001-38,-,"82.30-0-01 - Serviços de organização de feiras, congressos, exposições e festas",,8.5
Coffee/Buffet,Espaço Renato Machado Buffet,Buffet Renato Machado,(81) 9 9127 - 2222,brenatomachado@gmail.com,PE,Caruaru,"PE95 KMO1, bairro - Luiz Gonzaga",08.503.578/0001-72,-,56.20-1-02 - Serviços de alimentação para eventos e recepções - bufê,,
Coffee/Buffet,Manoel Januario de França,Marina's Buffet,(81) 9 9190 - 7573,valdilenemarina@hotmail.com,PE,Caruaru,"Rua Professor Antônio Guedes, Nº 260 - Alto Do Moura",21.646.181/0001-06,-,56.20-1-01 - Fornecimento de alimentos preparados preponderantemente para empresas,,
Coffee/Buffet,ROSANIA MARIA DE LIMA SILVA,ROSA FESTAS E BUFFET,(81) 3723 - 9991,rosafestabuffet@yahoo.com.br,PE,Caruaru,"Rua Pedro Augusto Rocha dos Santos, 26 - Santa Rosa",-,-,-,,
Coffee/Buffet,Rosania Maria de Lima Silva,-,(81) 3095-2200,rosafestabuffet@yahoo.com.br,-,-,-,12.496.882/0001-07,-,-,,
Coffee/Buffet,Carlos Alberto Cavalcanti Pereira Buffet,Buffet Renata Valenca,(81) 9 8782 - 7997 | (81) 9 9187 - 3613,renvalenca@hotmail.com,PE,Recife,"Rua Desembargador Motta Júnior, 31 - Casa Amarela",30.970.593/0001-80,-,56.20-1-01 - Fornecimento de alimentos preparados preponderantemente para empresas,,
Coffee/Buffet,Marilza Albuquerque felix -ME,Casa Branca Buffet,(81) 33339 - 5051,casabrancarecepcoes@gmail.com,PE,Recife,"Rua Pampulha ,160, 51200-090 - Imbiribeira",38.534.274/0001-33,-,56.20-1-02 - Serviços de alimentação para eventos e recepções - bufê,,
Coffee/Buffet,O tabuleiro,-, 81 98705-9292,-,-,-,-,-,-,-,,
Coffee/Buffet,Patricia,-, (81) 98143-1946,-,-,-,-,-,-,-,,
Coffee/Buffet,Solange Via Sabor,-,81 82686264,solangemendes1961@bol.com.br,-,-,-,-,-,-,,
Coffee/Buffet,Sheila,-,81 98333638,Contato@gustarerestaurante.com.br,-,-,-,-,-,-,,
Coffee/Buffet,Dona Rosa,-,81 79102116,-,-,-,-,-,-,-,,
Coffee/Buffet,Pan Nossa de Fatima,,(81) 8875-2146,NÃO TEM EMAIL,PE,Caruaru,Salgado,,,,,9
Dedetização,ALFA SAUDE AMBIENTAL LTDA,ALFA SAUDE AMBIENTAL,(81) 9675-5971,-,PE,Caruaru,"AV DOS ESTADOS, 100, LOJA: B, 55.014-440 - MAURICIO DE NASSAU",19.248.946/0001-08,-,81.22-2-00 - Imunização e controle de pragas urbanas,,
Dedetização,FOCUS SERVICOS AMBIENTAIS LTDA,FOCUS SERVICOS AMBIENTAIS,(81) 3032-3210,FOCUSSERVICOS2020@OUTLOOK.COM,PE,Recife,"AV FORTE DO ARRAIAL NOVO DO BOM JESUS, 185, 50.721-110 - CORDEIRO","09.595.245/0001-83
",-,81.22-2-00 - Imunização e controle de pragas urbanas,,
Edições,Emerson Nunes Silva Publicidade ME,W2D Comunicação,(81) 9 9977 - 7891 | (81) 4101 - 1346,contato@w2dcomunicacao.com.br,PE,Recife,"Rua Capitão Sampaio Xavier, 349, sala 03 - Graças",22.718.739/0001-76,www.w2dcomunicacao.com.br,73.11-4-00 - Agências de publicidade,Link,
Edições,Catarina de Angola Oliveira Silva,Angola Comunicação,(81) 9 9207 - 4511,contato@angolacomunicacao.com,PE,Recife,"Avenida Antônio Torres Galvão, 221, 51.160-330 - Imbiribeira",27.859.317/0001-34,-,63.99-2-00 - Outras atividades de prestação de serviços de informação não especificadas anteriormente,,
Edições,Erica Guerra Mendeiros Bravo,Erica Guerra Fotografia e Design,(81) 9 9621 - 0053,ericaguerram@gmail.com,PE,Olinda,"Rua Prefeito Luis de Magalhaes, 393 - Peixinhos",31.598.245/0001-96,-,"74.20-0-01 - Atividades de produção de fotografias, exceto aérea e submarina",,
Edições de dados ,CIVVIE LTDA,CIVVIE,(81) 3093-7386,TIAGO@CIVVIE.COM.BR,PE,Recife,"R DO FUTURO, 564, 52.050-005 - GRACAS",27.378.955/0001-33,-,73.19-0-03 - Marketing direto,,
Edições de dados ,ANA GABRIELA BORGES DOS SANTOS VICTOR 08899044481,GABRIELA BORGES DESIGNER,(81) 9746-2232,ANAGABIX@HOTMAIL.COM,PE,Caruaru,"R DOM SEBASTIAO LEME, 67, APT 1504, 55.012-360 - MAURICIO DE NASSAU",41.066.912/0001-43,-,"58.19-1-00 - Edição de cadastros, listas e de outros produtos gráficos",,
Edições de dados ,PEDRO MUNIZ DE CINTRA 06418942442,PEDRO MUNIZ,(81) 9722-6232,REQUESTPEDROMUNIZ@GMAIL.COM,PE,Recife,"R AMAPA, 77, APT 403, 52.050-390 - AFLITOS",34.663.238/0001-19,-,18.21-1-00 - Serviços de pré-impressão,,
Manutençao Predial,ETI- Empresa de Tecnologia em Informática LTDA,,(81) 3441 - 4447,sneto@etiweb.com.br,PE,Recife,"Rua Chacon, 274, sala 410 - Poço da Panela",11.965.860/0001-86,-,71.12-0-00 - Serviços de engenharia,,
Manutençao Predial,LL Manutençao e Engenharia LTDA,LL Manutençao e Engenharia LTDA,(81) 9 9910 - 7802,luizjatorres@gmail.com,PE,Recife,"Rua Abelardo, 45, 52050-310 - Graças",27.831.944/0001-67,-,33.14-7-07 - Manutenção e reparação de máquinas e aparelhos de refrigeração e ventilação para uso industrial e comercial,,
Manutençao Predial,PRONET Tecnologia e Engenharia LTDA,PRONET,(81)3213-1795|1796/1797/1798,comercial@pronete-pe.com.br,PE,Recife,"Rua Tomazina, 121, Loja 0000, 50.030-020 - Bairro do Recife",40.849.143/0001-97,-,"62.09-1-00 - Suporte técnico, manutenção e outros serviços em tecnologia da informação",,
Manutençao Predial,ZERO UM-INFORMATICA ENGENHARIA E REPRESENTAÇOES LTDA,-,-,-,PE,Recife,"R MANOEL CAETANO, 103, APTO 02 PRIM PAVIM, 52.010-220 - DERBY",40.873.234/0001-68,-,61.10-8-03 - Serviços de comunicação multimídia - SCM,,
Material - (Limpeza),DISFA - DISTRIBUIDORA FACIL LTDA,DisFá - Distribuidora Fácil,(81) 3077-2589,disfa@disfa.com.br | ERICKA@DISFA.COM.BR,PE,Recife,"Rua Visconde de Barbacena, 1a travessa, 50740-441 - Varzea",11.142.529/0001-66,-,"46.49-4-08 - Comércio atacadista de produtos de higiene, limpeza e conservação domiciliar",,
Material - (Limpeza),FORTPEL COMERCIO DE DESCARTAVEIS LTDA,FORTPEL,(81) 9 9452 - 3957,vendas06.pe@fortpel.com.br,PE,Paulista,"R DA LINHA, 3770, GALPAO02 03, 53.405-640 - MIRUEIRA",22.006.201/0001-39,-,"46.49-4-08 - Comércio atacadista de produtos de higiene, limpeza e conservação domiciliar",Link,
Material - (Limpeza),R.A.Produtos e Equipamentos de Limpeza LTDA,Shopping do Condominio,(81) 37272 - 0790 ,caruaru@shoppingdocondominio.net.br,PE,Caruaru,"Rua Paranaiba, 51º - Mauricio de Nassau",13.714.064/0001-04,-,"47.72-5-00 - Comércio varejista de cosméticos, produtos de perfumaria e de higiene pessoal",,
Mentores e Facilitadores,A. L. C. DA COSTA SOLUCOES EM TECNOLOGIA,PROAPP PLATAFORMA DE GESTAO,(81) 8699-2280/ (81) 3252-1039,andersonlagocc@gmail.com,PE,Recife ,"R ERNESTO DE PAULA SANTOS, 960, SALA 0102 EMP BOA VIAGEM, 51.021-330 - BOA VIAGEM",36.891.519/0001-54,-,"62.09-1-00 - Suporte técnico, manutenção e outros serviços em tecnologia da informação (Dispensada *)",,
Mentores e Facilitadores,Cultive Soluções Culturais Ltda ,Cult!ve,(87) 988218382,andre@cultivesolucoes.com.br,PE,Recife,,10.230.480/0019-60,-,"74.90-1-99 - Outras atividades profissionais, científicas e técnicas não especificadas anteriormente",,
Mentores e Facilitadores,Ferreira Costa,-,(81) 996975333,anielemarquess@gmail.com,PE,Caruaru/Recife,-,-,-,74102/99,,
Mentores e Facilitadores,BARBARA BORGES DA SILVA 09782164402,LOJA PHINK IT & CASIA ECO,(81) 988516080,barbara.barbara.borges@gmail.com,PE,Recife,"R CINCO DE MAIO, 61, 51.170-490 - IMBIRIBEIRA",30.562.684/0001-86,-,47.81-4-00 - Comércio varejista de artigos do vestuário e acessórios,,
Mentores e Facilitadores,LEGAL4B PROTECAO DE DADOS E COMPLIANCE DIGITAL LTDA,LEGAL4B,(83) 98797-0481, babifelix28@gmail.com,PE,Recife,"R DONA MARIA CESAR, 170, SALA 0203, 50.030-140 - RECIFE",40.185.569/0001-93,-,62.04-0-00 - Consultoria em tecnologia da informação,,
Mentores e Facilitadores,Creditas,-,(81) 99688-3044,blesmanneto@gmail.com,PE,Recife,-,-,-,-,,
Mentores e Facilitadores,-,-,(81) 994394419,rol.cavalcanti02@gmail.com,SP,São Paulo ,-,-,-,-,,
Mentores e Facilitadores,CATIA M S MACIEL,INSER GESTAO,(81) 991811964 / (81) 998505098 ,catiamaciel.adm@gmail.com,PE,Caruaru,"AV VIGILANTE RODOVIARIO, 130, 55.014-553 - NOVA CARUARU",07.162.200/0001-90,-,85.99-6-04 - Treinamento em desenvolvimento profissional e gerencial,,
Mentores e Facilitadores,LOVECRYPTO TECNOLOGIA DA INFORMACAO LTDA,Lovecrypto,(81) 992859289,chris.berenguer@ufpe.br,PE,Recife,"R DONA MARIA CESAR, 170, SALA 0203, 50.030-140 - RECIFE",26.203.327/0001-54,-,66.19-3-99 - Outras atividades auxiliares dos serviços financeiros não especificadas anteriormente,,
Mentores e Facilitadores,CHRISTIANNE AMARAL MACHADO 06199109414,CHADO CONSULTORIA DE MARCAS,(81) 981281844,chado.consultoria@gmail.com,PE,Recife,-,37400000000000,-,Treinamento em desenvolvimento profissional e gerencial,Link,
Mentores e Facilitadores,Syngenta,-,(81) 981159904,crhislanyb@gmail.com,PE,Petrolina,-,60.744.463/0062,-,-,,
Mentores e Facilitadores,DANIEL GALVAO BRENNAND 03406692419,CONECTJUR,(11) 980724156,danielbrennand@gmail.com,PE,Caruaru,"AV PROJETADA 01 S/N, KM 92, 55.014-908 - NOVA CARUARU",44.085.037/0001-35,-,85.99-6-04 - Treinamento em desenvolvimento profissional e gerencial,,
Mentores e Facilitadores,UNIVERSIDADE FEDERAL RURAL DE PERNAMBUCO,-,(81) 999254449,eder.leao@ufrpe.br,PE,Recife,"R DOM MANOEL DE MEDEIROS, S/N, 52.171-900 - DOIS IRMAOS",24.416.174/0001-06,-,84.11-6-00 - Administração pública em geral,,
Mentores e Facilitadores,N-Level Academy,-,(81) 985010028,athenegps@gmail.com,PB,Campina Grande,-,29300000000000,-,8599-6/04 treinamento e desenvolvimento profissional,,
Mentores e Facilitadores,CESAR CENTRO DE ESTUDOS E SISTEMAS AVANCADOS DO RECIFE,CESAR CENTRO DE ESTUDOS E SISTEMAS AVANCADOS DO RECIFE,(81) 99871-2888,elvmm@cesar.org.br,PE,Recife,-,01.203.327/0005-57,-,6204000: CONSULTORIA EM TECNOLOGIA DA INFORMAÇÃO,,
Mentores e Facilitadores,Facilitat,-,(81) 99227 - 6794,fabio.serrano@facilitat.com.br,PE,Olinda,-,32200000000000,-,-,,
Mentores e Facilitadores,Galvão Soluções Empresariais,-,(81) 98354 - 1511,geysakarlagalvao@gmail.com,PE,Recife,-,31200000000000,-,Treinamento em Desenvolvimento Profissional e Gerencial,,
Mentores e Facilitadores,GIRLAYNNE DANUSIA FARIAS PEREIRA 01552802442,-,(81) 99784 - 4703,girlaynnedanusia@gmail.com,PE,Caruaru,"R DOM SEVERINO VIEIRA DE MELO, 16, 55.002-970 - NOSSA SENHORA DAS DORES",42.495.265/0001-58,-,85.99-6-99 - Outras atividades de ensino não especificadas anteriormente,,
Mentores e Facilitadores,PICPAY INSTITUICAO DE PAGAMENTO S/A,PICPAY,(27) 3180-0382,NFE@PICPAY.COM,SP,São Paulo,"AV MANUEL BANDEIRA, 291, COND ATLAS OFFICE PARK ANDAR 1A 2A 3A 3B CONJ 22A 23A 43B 44B, 05.317-020 - VILA LEOPOLDINA",22.896.431/0001-10,-,66.19-3-99 - Outras atividades auxiliares dos serviços financeiros não especificadas anteriormente,,
Mentores e Facilitadores,REEF COWORKING SOLUCOES DE APOIO ADMINISTRATIVO PARA NEGOCIOS LTDA,REEF COWORKING + SPACES,(81) 8114-7649,REEFCOWORKING@GMAIL.COM,PE,Recife,"R DONA MARIA CESAR, 170, SALA 0203, 50.030-140 - RECIFE",36.401.889/0001-66,-,82.11-3-00 - Serviços combinados de escritório e apoio administrativo (Dispensada *),,
Mentores e Facilitadores,Israel Bovolini Junior Tecnologia da Informação ,AgileIT,(81) 99631 - 3505,ibovolini@gmail.com,SP,São Paulo ,-,31000000000000,-,-,,
Mentores e Facilitadores,Tamboo,-,(81) 99874 - 6385,jacquetamboo@gmail.com,PE,Recife ,-,23500000000000,-,85.99-6-04 - Treinamento em desenvolvimento profissional e gerencial,,
Mentores e Facilitadores,JACQUELINE DE SOUZA FREIRE PESQUISAS LTDA,DIP - DADOS INFORMACOES E PESQUISAS,(81) 98864 - 3683,jac.dipestraregia@gmail.com,PE,Recife,"R ERNESTO DE PAULA SANTOS, 1172, SALA 0605 EMP NESTOR ROCHA, 51.021-330 - BOA VIAGEM",00.377.711/0001-80,-,"63.11-9-00 - Tratamento de dados, provedores de serviços de aplicação e serviços de hospedagem na internet",,
Mentores e Facilitadores,JHCM Consulting & Mentoring,-,(81) 99921 - 7948,Jhenrique@jhconsultoriacomercial.com.br,PE,Jaboatão dos Guararapes ,-,39400000000000,-,Consultoria,,
Mentores e Facilitadores,Rogério Mello Design,-,(81) 982731773,jrogeriomello7@hotmail.com,PE,Santa Cruz do Capibaribe,-,45500000000000,-,Alfaiate,,
Mentores e Facilitadores,44.383.526 JULIENE ALVES DOS SANTOS,JULIENE ALVES DOS SANTOS,(81) 982731773,juliene.alves@live.com,PE,Paulista,"R LIMOEIRO, 126, 53.417-320 - ARTUR LUNDGREN I",44.383.526/0001-73,-,95.11-8-00 - Reparação e manutenção de computadores e de equipamentos periféricos,,
Mentores e Facilitadores,FACILITAT TECNOLOGIA DA INFORMACAO E MANUTENCAO PREDIAL LTDA,-,(81) 991614535 | (81) 3877-8300,kasantosadm@gmail.com | FACILITAT@FACILITAT.COM.BR,PE,Recife,"R MARQUES AMORIM, 136, 50.070-335 - BOA VISTA",32.160.505/0001-00,-,"62.09-1-00 - Suporte técnico, manutenção e outros serviços em tecnologia da informação",,LAST
Mentores e Facilitadores,Inser Gestão,-,-,karlacastroadm@gmail.com,PE,Caruaru,-,8983562455,-,-,,
Mentores e Facilitadores,Mestranda e Pesquisadora,-,(81) 996447304,klb@cesar.school,PE,Recife,-,-,-,-,,
Mentores e Facilitadores,LARISSA CRISTINA NUNES NASCIMENTO ALVES INTEGRE PSICOLOGIA E SAUDE,INTEGRE PSICOLOGIA E SAUDE,(81) 997249090 | (81) 9631-3505,larissaalvespsicologa@gmail.com,PE,Caruaru,"AV AGAMENON MAGALHAES, 1019, ANDAR 2;SALA 207, 55.014-000 - MAURICIO DE NASSAU",44.739.965/0001-76,-,86.50-0-03 - Atividades de psicologia e psicanálise (Dispensada *),,
Mentores e Facilitadores,Granpag,-,(81) 98851136,lucas@granpag.com.br,PE,Passira,-,27600000000000,https://granpag.com.br,7490-1/04,,
Mentores e Facilitadores,POWER ,Empreendedorismo Feminino,(81) 997500165,manudubeux@gmail.com,PE,Recife,-,37200000000000,-,Educação,,
Mentores e Facilitadores,MARIA EDUARDA FERREIRA DA SILVA CARVALHO 09690568426 ,Recicultura,(81) 994654145,mariaeduarda.fsc@hotmail.com,PE,Recife,-,35600000000000,-,85.92-9/99 - Ensino de arte e cultura não especificado anteriormente,,
Mentores e Facilitadores,Startup Style,-,(81) 99761.2624,natalia.maria866@gmail.com,PE,Belo Jardim,-,12300000000,-,,,
Mentores e Facilitadores,Style,-,(81) 996402189,natalia.maria866@gmail.com,PE,Belo Jardim,-,12300000000,-,4789001,,
Mentores e Facilitadores,AGENCIA DE DESENVOLVIMENTO ECONOMICO DE PERNAMBUCO S.A - ADEPE,ADEPE,(87) 999671452 | (81) 3181-7320/ (81) 3181-7351,marianasaaless@gmail.com | ADDIPER@ADDIPER.PE.GOV.BR,PE,Recife,"AV CONS ROSA E SILVA, 000347, 52.020-220 - GRACAS",10.848.646/0001-87,-,84.11-6-00 - Administração pública em geral,,
Mentores e Facilitadores,-,-,(81) 97823046,-,-,-,-,-,-,-,,
Mentores e Facilitadores,Ymbu digtalk,,(81) 996500930,mychjacob2@gmail.com,PE,Olinda,-,909270,-,Consultoria e treinamentos,,
Mentores e Facilitadores,Natália C Pimentel 06447972400 ,Natália Pimentel Marketing,(81) 998225341,natalia-pimentel@hotmail.com,PE,Caruaru,-,26500000000000,-,Marketing Direto,,
Mentores e Facilitadores,NATALIE SILVA DOS SANTOS ARAUJO 04403313400,MALU CURSOS,(81) 987295724 | (81) 8851-1936,natalie_silva3101@hotmail.com | NATALIE.3101@GMAIL.COM,PE,Recife,"R FRANCISCO DE BARROS BARRETO, 193, CASA, 51.021-550 - BOA VIAGEM",40.911.827/0001-71,-,85.99-6-04 - Treinamento em desenvolvimento profissional e gerencial,,
Mentores e Facilitadores,NP Comunicação e imprensa,-,(81) 99971129,nubiapautas@gmail.com,PE,Caruaru,-,35800000000000,-,-,,
Mentores e Facilitadores,OLUYIA FRANCA DE MORAIS 06779800430 ,Oluyia design,(81) 984378400,oluyia@gmail.com,PE,Recife,-,36900000000000,-,1359-6/00,,
Mentores e Facilitadores,3MIDIAS COMUNICACAO E CONSULTORIA LTDA,3 MÍDIAS,(81) 98838-4967 | (81) 3221-1660,patynogueiras@gmail.com | ERLANJOHN@3MIDIAS.COM.BR,PE,Recife,"R ROCHA PITA, 156, 50.040-030 - SANTO AMARO",19.393.491/0001-06,-,"70.20-4-00 - Atividades de consultoria em gestão empresarial, exceto consultoria técnica específica",,
Mentores e Facilitadores,Espaço Numen,-,(31) 9 9696-6129,priscilabezerra26@gmail.com,PE,Camocim de São Félix ,-,5990916493,-,-,,
Mentores e Facilitadores,PRISCILLA SHIRLEY DE SANTANA PEREIRA CAVALCANTI - 09037561454 ,INTERATIVA ASSESSORIA E GESTÃO EM MARKETING,(81) 996656310,priscilacavalcaanti@gmail.com,PE,Recife,-,26700000000000,-,7319-0/02 Promoção de vendas,,
Mentores e Facilitadores,Traço e Ato Reformas e Construções,-,(81) 994933210,rafhamelo.arq@gmail.com,PE,São Lourenço da Mata,-,43300000000000,-,4399-1/03 - Obras de alvenaria,,
Mentores e Facilitadores,CESAR CENTRO DE ESTUDOS E SISTEMAS AVANCADOS DO RECIFE,-,(81) 99253-9630  / (79) 99911-4360 ,raisagalindo@gmail.com,PE,Recife,-,1203327000557,-,-,,
Mentores e Facilitadores,RANIELE DUARTE DA SILVA 06365910428 ,RANI DUARTE,(81) 99723-3744 | (81) 9822-5341,raniduarte@gmail.com,PE,Recife,"R CARNEIRO PESSOA, 617, 51.011-070 - PINA",44.585.900/0001-13,-,85.92-9-99 - Ensino de arte e cultura não especificado anteriormente,Link,
Mentores e Facilitadores,Escola Maria Auxiliadora liberato,-,(81) 992093637,becal5304@gmail.com,PE,Caruaru,-,-,-,-,,
Mentores e Facilitadores,Contrate Express,-,(81) 998057417 - (81) 973138813,Inovarcaruaru@gmail.com,PE,Caruaru,-,4197521456,-,-,,
Mentores e Facilitadores,-,-,87999316018,renatabrasileiroux@gmail.com,PE,Recife,-,-,-,-,,
Mentores e Facilitadores,"Oliveira, Ventura & Beltrão Advogados ",OVB Advogados,81981752349,renata@ovb.adv.br,PE,Recife,-,22100000000000,-,-,,
Mentores e Facilitadores,"Instituto Pelo Bem do Planeta, Ecoponto e RiaArtPhoto",-,81 992188720,ricardimabrahao@gmail.com,PE,Recife,-,21100000000000,-,Associação privada para conservação ambiental,,
Mentores e Facilitadores,SALA DE AULA EMPREENDEDORA LTDA,SALA DE AULA EMPREENDEDORA,81 991320423,tenaflae@gmail.com,PE,Caruaru,"AV ADJAR DA SILVA CASE, 800, CXPST 030 COWORKING, 55.024-740 - INDIANOPOLIS",40.250.733/0001-07,-,85.99-6-04 - Treinamento em desenvolvimento profissional e gerencial,Link,
Mentores e Facilitadores,TERTULIANO RODRIGUES PEREIRA 00538677180,LABORATORIO DE SACADAS,81997844703,tertuliano@labdesacadas.com.br,SP,Mogi Guaçu,"R JOSE ROBERTO ASSENCO, 400, BLOCO 20;APT 401, 13.848-100 - JARDIM NOVO II",43.829.484/0001-99,-,73.19-0-02 - Promoção de vendas,,
Mentores e Facilitadores,Iupi,-,81994298487,thaisagtavares@gmail.com,PE,Recife,-,29700000000000,-,7319003,,
Mentores e Facilitadores,FBR Digital,-,81999555855,thiago@fbrdigital.com.br,PE,Caruaru,-,13900000000000,-,60.10-8-03 Serviços de comunicação multimídia - SCM,,
Mentores e Facilitadores,Interser ,Cursos e Treinamentos,81999823395,virginiavlins@gmail.com,PE,Santa Cruz do Capibaribe,-,24400000000000,-,8599604 Treinamento em desenvolvimento profissional e gerencial,,
Mentores e Facilitadores,WCTM Serviço de Tecnologia LTDA ,Gymtime,81 998577033,wladimilsonb@gmail.com,PE,Jaboatão dos Guararapes,-,41100000000000,-,63-19-4-00,,
Mentores e Facilitadores,KATANA SOFTWARE,-,81996669989,charleu@hotmail.com,PE,Arcoverde,-,42100000000000,-,Desenvolvimento de programas de computador sob encomenda,,
Mentores e Facilitadores,SOCIEDADE DE EDUCACAO DO VALE DO IPOJUCA LTDA,UNIFAVIP,(81) 9 9690-5800 | (81) 3136-2356,diegolcunha@gmail.com | FISCAL@ESTACIO.BR,PE,Caruaru,"R GUMERCINDO PEREIRA DOS SANTOS, 800, 55.024-743 - INDIANOPOLIS",02.738.361/0001-65,-,85.32-5-00 - Educação superior - graduação e pós-graduação,Link,
Mentores e Facilitadores,"HORTENCIA SANTIAGO TREINAMENTOS, CONSULTORIAS, MENTORIAS",-,81987964690,contato@hortenciasantiago.com,PE,Caruaru,-,46800000000000,-,instrutora de treinamentos e cursos gerenciais,,
Mentores e Facilitadores,Ferreira Costa,-,81981491551,anielemarquess@gmail.com,PE,Recife,-,8243234403,-,-,,
Mentores e Facilitadores,KARINA CASSIA COSTA DOS SANTOS 07115421471,KARINA SANTOS,994483016 | (81) 9784-4703,kasantosadm@gmail.com,PE,Recife,"AV NORTE MIGUEL ARRAES DE ALENCAR, 6960, CASA B;ANDAR 1, 52.090-260 - MACAXEIRA",41.587.209/0001-80,-,82.19-9-99 - Preparação de documentos e serviços especializados de apoio administrativo não especificados anteriormente,,LAST
Mentores e Facilitadores,UFPE (sou docente em tecnologia de interfaces),-,81997322231,luciana.freire@ufpe.br,PE,Caruaru,-,-,-,Educação,,
Mentores e Facilitadores,Krialab,-,21988503103,diannegsous@hotmail.com,PE,Recife,-,21000000000000,-,8599-6/04,,
Mentores e Facilitadores,Aleixo Assessoria Jurídica,-,81988398998,gemiscelies@gmail.com,PE,Caruaru,-,-,-,-,,
Mentores e Facilitadores,Conexão Papo de Mulher,-,5583986183265,eduardamenelau@gmail.com,PE,Recife,-,29500000000000,https://www.eduardamenelau.com.br/,85.99-6-04 - Treinamento em desenvolvimento profissional e gerencial,,
Mentores e Facilitadores,PraqVender,-,491634035218,vitor@praqvender.com.br,PE,Recife,-,32700000000000,-,85.99-6-04 - Treinamento em desenvolvimento profissional e gerencial,,
Mentores e Facilitadores,PEDRO VINICIUS SIMAS GUEDES SERVICOS EDUCACIONAIS,GOON DESIGN E EDUCACAO,81 99120-6335 | (81) 9888-8888,danielle@sejagoon.com | ADL@GMAIL.COM,PE,Recife,"AV MONTEVIDEU, 172, SALA 1206 EMPRES DESEMB PEDRO MARTINIANO LINS, 50.050-250 - BOA VISTA",33.482.821/0001-60,-,"85.50-3-02 - Atividades de apoio à educação, exceto caixas escolares",,
Mentores e Facilitadores,CMA - REPRESENTACOES E CONSULTORIA LTDA,CMA - REPRESENTACOES E CONSULTORIA,081 994186740 | (81) 8149-1551,carolmartinsoff@gmail.com | MAMASSESSORIACONTABILPE@GMAIL.COM,PE,Olinda,"AV GOV CARLOS DE LIMA CAVALCANTI, 3995, LJ 030, 53.130-555 - CASA CAIADA",25.226.839/0001-73,-,73.19-0-03 - Marketing direto (Dispensada *),,
Mentores e Facilitadores,Vl assessoria contabil,-,81 999966241/ 9 81648519,viviane_lucena_v@hotmail.com,PE,Caruaru,-,-,-,-,,
Mentores e Facilitadores,Não possui nenhuma organização,-,87999502226,evellynamorim06@gmail.com,PE,Caruaru,-,-,-,-,,
Mentores e Facilitadores,Tcc.assessoria_acadêmica,-,-,lima2008cristiane@gmail.com,PE,Caruaru,-,-,-,-,,
Mentores e Facilitadores,RING - Associação de Desenvolvedores de Jogos do Estado do Rio de Janeiro,-,-,sousa.annyc@gmail.com,PE,Recife,-,47700000000000,-,-,,
Mentores e Facilitadores,Silvana Ribeiro,-,-,silefernanda@gmail.com,PE,Cabo de Santo Agostinho,-,18900000000000,-,-,,
Mentores e Facilitadores,Daniela Georgia,-,-,danielageorgia@yahoo.com.br,PE,Caruaru,-,48200000000000,-,8219-9/99 - Preparação de documentos e serviços especializados de apoio administrativo não especificados anteriormente,,
Mentores e Facilitadores,Roxius Consultoria Digital LTDA,-,-,eduardo@roxius.com.br,,Alemanha,-,42500000000000,-,70.20-4-00,,
Mentores e Facilitadores,JACIENDE DE LIMA SANTOS 13186629403,JACYMODELART,(81) 3726-4849,jaciendelima@gmail.com,PE,Belo jardim,"R JOAO BATISTA SENHORINHO, 79A, CASA, 55.152-553 - COHAB-LL",28.925.887/0001-48,-,85.92-9-99 - Ensino de arte e cultura não especificado anteriormente,,
Mentores e Facilitadores,Box Fashion,-,-,rodolfoalves1989@gmail.com,PE,Santa Cruz do Capibaribe,-,27400000000000,-,-,,
Mentores e Facilitadores,ALICE FERREIRA DO NASCIMENTO MACIEL 05891401401,GIRASSOL FACILITACOES,(81) 9996-6241,alicefnmaciel@gmail.com,PE,Caruaru,"R VISCONDE DE INHAUMA, 450, 55.012-010 - MAURICIO DE NASSAU",48.362.053/0001-89,-,"58.19-1-00 - Edição de cadastros, listas e de outros produtos gráficos",,
Mentores e Facilitadores,NeverBreak Game Studio ,PlayLudy ,-,mateusantos33@gmail.com,PE,Arcoverde,-,9837397497,-,Tecnologia/entretenimento,,
Mentoria - ( MMA),33.392.186 ALEXANDRA CISNEIROS GUERRA,ALEXANDRA CISNEIROS GUERRA,(81) 8592-5862,XANDACISNEIROS@GMAIL.COM,PE,Jaboatão dos Guararapes,"R MAJOR MEDICO VICENTE FONSECA DE MATOS, 399, ANDAR 103, 54.440-370 - CANDEIAS",33.392.186/0001-20,-,"82.30-0-01 - Serviços de organização de feiras, congressos, exposições e festas",,
Mentoria - ( MMA),AMAZING MODEL LTDA,AMAZING MODEL,(81) 9835-1010,VIVIANI@AMAZINGMODEL.COM.BR | financeiro@amazingmodel.com.br,PE,Recife,"AV RIO BRANCO, 139, 50.030-310 - RECIFE",04.708.738/0001-69,-,"74.90-1-05 - Agenciamento de profissionais para atividades esportivas, culturais e artísticas",,
Mentoria - ( MMA),MIRELLY DE OLIVEIRA SILVA 05335309466,MADAH PRODUÇÕES,(81) 9531-4848,MIRELLYOS@GMAIL.COM,PE,Caruaru,"R SAO CARLOS, 173, 55.030-300 - PETROPOLIS",31.038.775/0001-80,-,"82.30-0-01 - Serviços de organização de feiras, congressos, exposições e festas",,
"Mentoria - (""on demand"" MVP e Pitch)","HAPPEN DESENVOLVIMENTO DE SOFTWARE, TREINAMENTO E CURSOS LTDA",HAPPEN ESCOLA DE HABILIDADES,(81) 9526-7570,COMERCIAL@ESCOLAHAPPEN.COM.BR,PE,Recife,"AV RIO BRANC, 139, 50.030-310 - RECIFE",40.706.759/0001-09,-,62.02-3-00 - Desenvolvimento e licenciamento de programas de computador customizáveis,,
Oficina -  (Qualificação empreendedora),BETTINA CAVALCANTI ARAUJO 10309407460,BCA TECNOLOGIA,(81) 9512-3444,BCA@ECOMP.POLI.BR,PE,Recife,"TV TEREZA CARNEIRO, 85, 52.090-506 - MACAXEIRA",41.917.346/0001-36,-,85.99-6-03 - Treinamento em informática,,
Oficina -  (Qualificação empreendedora),GRITE SOLUCOES EMPRESARIAIS LTDA,GRITE SOLUCOES,(81) 9412-4665,-,PE,Recife,"R DONA MARIA CESAR, 170, SALA 0203 CXPST 002, 50.030-140 - RECIFE",40.159.625/0001-15,-,62.01-5-01 - Desenvolvimento de programas de computador sob encomenda,,
"Oficina - (Alinhamento Societário e Contratos, LGPD, e Registro de Marcas e Patentes)",COLARES ADVOGADOS,-,(81) 9633-9884,RODRIGO@COLARESLAW.COM.BR,PE,Recife,"R SENADOR JOSE HENRIQUE, 231, SALA 605 EMP CHARLES DARWIN, 50.070-460 - ILHA DO LEITE",35.471.789/0001-43,-,69.11-7-01 - Serviços advocatícios,,
"Oficina - (Alinhamento Societário e Contratos, LGPD, e Registro de Marcas e Patentes)","OLIVEIRA, VENTURA & BELTRAO ADVOGADOS",-,(81) 8838-4967,RENATA@OVB.ADV.BR,PE,Recife,"AV REPUBLICA DO LIBANO, 251, SALA 1810, 51.110-160 - PINA",22.083.557/0001-76,https://www.ovb.adv.br/,69.11-7-01 - Serviços advocatícios,Link,
"Oficina - (Alinhamento Societário e Contratos, LGPD, e Registro de Marcas e Patentes)",UCHOA CAVALCANTI ADVOGADOS ASSOCIADOS,-,(81) 3441-0143/ (81) 3441-0149,ALEXANDRE@UCHOACAVALCANTI.ADV.BR,PE,Recife,"AV ABDIAS DE CARVALHO, 1111, SALA 402 EDIF EMP ELPIDIO MARTINS, 50.720-225 - PRADO",13.563.899/0001-00,-,69.11-7-01 - Serviços advocatícios,,
Oficina - (Crescimento e Impacto),OPEN EDUCACAO LTDA,ESCOLA OPEN,(41) 9 9509 - 0716,contato@escolaopen.com.br,PR,Curitiba,"Rua Garuva, 25, 81240-200 - Cidade Industrial",25.408.134/0001-77,-,85.99-6-04 - Treinamento em desenvolvimento profissional e gerencial,,
"Oficina - (Eixo de Impacto - Mudança, ODS e ses negócios e Métricas)",MARCIEL MUNIZ DOS SANTOS 09328103657,MKT3 COMUNICACAO E MARKETING DIGITAL,(81) 8762 - 8646,marcielmuniz@hotmail.com,PE,Caruaru,"Avenida OswaldO Cruz, 217, Andar 6, Sala 611, 55012-040 - Maurício de Nassau",32.591.227/0001-45,-,85.99-6-04 - Treinamento em desenvolvimento profissional e gerencial,,
"Oficina - (Eixo de Impacto - Mudança, ODS e ses negócios e Métricas)",OPEN EDUCACAO LTDA,ESCOLA OPEN,(41) 3209-5554 | (41) 3209-5554,suporte@contabilizei.com.br,PR,Curitiba,"Rua Garuva, 25, 81240-200 - Cidade Industrial",25.408.134/0001-77,-,85.99-6-04 - Treinamento em desenvolvimento profissional e gerencial,,
"Oficina - (Eixo de Impacto - Mudança, ODS e ses negócios e Métricas)",ROMENA SOUZA CONCEIÇÃO DE MELO 034.567.832-11,-,-,esgcontatobj@gmail.com,PE,Belo Jardim,"Avenida ARMÍNIO BARROS LEITE, 88, FLORESTA",328.945.342/0001,-,-,,
Oficina - (Marketing Digital),3Midias Comunicação e Consultoria LTDA,3MIDIAS,(81) 9 9761 - 2623,empresa@3midias.com.br | patynogueiras@gmail.com,PE,Recife,"Rua Rocha Pita, 156, CP 003, 50040-030 - Santo Amaro",19.393.491/0001-06,-,"70.20-4-00 - Atividades de consultoria em gestão empresarial, exceto consultoria técnica específica",,
Oficina - (Marketing Digital),Grite Soluções Empresariais LTDA,Grite Soluções,(81) 9 9689 - 4297,gabrielchamie@gritesolucoes.com.br,PE,Recife,"Rua Dona Maria Cesar, 170, Sala 0203 - Recife",40.159.625/0001-25,-,-,,
Oficina - (Produção e Gestão Cultural),ELZA CELINA MEDEIROS DO ESPIRITO SANTO 09861680411,PRODUTORA UH IBURA AE,(81) 9 9815 - 5930,equipaiburaae@gmail.com,PE,Recife,"Rua Professor Mario Neves Baptista, Lagoa Encantada, Cohab",48.599.992/0001-41,-,85.92-9-99 - Ensino de arte e cultura não especificado anteriormente,,
Oficina - (Produção e Gestão Cultural),STEPHANY CRISTYNE DE SOUZA SILVA METODIO 09756407476,COLETIVO TEAR,(87) 9 8148 - 0808,stephany_cristyne@hotmail.com,PE,Garanhuns,"Avenida Santa Rosa, 87 - Heliopolis",17.475.457/0001-55,-,"82.30-0-01 - Serviços de organização de feiras, congressos, exposições e festas",,10
Oficina - (Produção e Gestão Cultural),Voragem Produções Ilimitadas LTDA,VORAGEM PRODUCOES ILIMITADAS,(81) 99922 - 3777,voragemproducoes@gmail.com,PE,Recife,"Rua da Aurora, n325, apt 1011, caixa postal 545 - Boa Vista",21.064.659/0001-81,-,"59.11-1-99 - Atividades de produção cinematográfica, de vídeos e de programas de televisão não especificadas anteriormente",,
Recarga de Extintores,Jonas F da S Gadelha LTDA,Extinpel - Extintores de Pernambuco,(81) 9 8802 - 0806 | (81) 3484 - 0357,comercial@extinpelpe.com.br,PE,Recife,"Rua Imperial, 2228, 50.090-000 - São Jose",23.334.029/0001-05,-,46.69-9-99 - Comércio atacadista de outras máquinas e equipamentos não especificados anteriormente; partes e peças,Link,
Recarga de Extintores,Claudia Clemente da Silva,PRN Extintores,(81) 3721 - 9194 | (81) 3095 - 0860 | (81) 9 9226 - 3124,prn-extintores@hotmail.com | prnextiontores@hotmail.com,PE,Recife,"Cais do Apolo, 222, Andar 16, 50030-230 - Bairro do Recife",05.903.129/0001-23,-,47.89-0-99 - Comércio varejista de outros produtos não especificados anteriormente,,
Recarga de Extintores,PERNAMBUCO EXTINTORES COMERCIO E SERVICOS LTDA,PE EXTINTORES,(81) 9971-9678/ (81) 9733-0272,LUCIANNAKARINA@BOL.COM.BR,PE,Recife,"R DEMOCRITO CAVALCANTI, 67, 50.750-080 - AFOGADOS",23.435.441/0001-11,-,47.89-0-99 - Comércio varejista de outros produtos não especificados anteriormente,,
Serviço - (Manutenção Laboratório),Adriano L de Medeiros,Pixeldots,(81) 8513 - 2151,adriano@pixeldots.com.br,PE,Caruaru,"Avenida Projetada 01, SN, Sala porto digital, 55014-908 - Nova Caruaru",11.912.411/0001-70,-,85.99-6-03 - Treinamento em informática,,
Serviço - (Manutenção Laboratório),Via Tec Comercio e Servicos de Visuais e Informatica LTDA,Via Tec,(81) 3441 - 6903,viatec2@hotmail.com,PE,Recife,"Rua da Harmonia, 76, 52051-390 - Casa Amarela",01.824.394/0001-65,-,47.53-9-00 - Comércio varejista especializado de eletrodomésticos e equipamentos de áudio e vídeo,,
Serviço - (Manutenção Laboratório),PRONET Tecnologia e Engenharia LTDA,Pronet,(81) 3213 - 1795,administração@pronet-pe.com.br,PE,Recife,"Rua Tomazina, 121, Loja 0000, 50.030-020 - Bairro do Recife",01.824.394/0001-65,-,47.53-9-00 - Comércio varejista especializado de eletrodomésticos e equipamentos de áudio e vídeo,,
Som e Iluminação,ERISON DE SIQUEIRA BARBOSA 81114850420,PORTO SONORIZACAO,(81) 9989-9069,erissonporto@hotmail.com,PE,Caruaru,"R VICENTE CARVALHO, 44, CASA, 55.010-450 - DIVINOPOLIS","17.105.563.0001-47
",-,"82.30-0-01 - Serviços de organização de feiras, congressos, exposições e festas",,
Som e Iluminação,HEVERTON FAGNER DA SILVA RODRIGUES 05592935420,STUDIO DI FAGNER,(81) 3719-0774,HEVERTONFAGNERSTUDIO@HOTMAIL.COM,PE,Caruaru,"R DO MADEIRO, 99, CASA, 55.028-110 - SANTA ROSA",21.121.020/0001-90,-,"82.30-0-01 - Serviços de organização de feiras, congressos, exposições e festas",,
Som e Iluminação,AL SOLUCOES EM TECNOLOGIA E COMUNICACAO LTDA,PIXEL DOTS,(81) 8513-2151,ME@WHATSITE.ME,PE,Caruaru,"AV PROJETADA 01 S/N, KM 92, 55.014-908 - NOVA CARUARU",43.726.856/0001-51,-,62.01-5-02 - Web design,,
Som e Iluminação,-,-,81 7345-9032,-,-,-,-,-,-,-,,
Som e Iluminação,-,-,81 9651-6688,-,-,-,-,-,-,-,,
Som e Iluminação,-,-,81 9201-6567,-,-,-,-,-,-,-,,
Som e Iluminação,-,K9 ,(81) 3719-5399,-,-,-,-,-,-,-,,
Suporte de TI,Andrade Nascimento Consultoria em Tecnologia LTDA,Mustache T.I,(81) 9 9679 - 3669,lucas@mustacheti.com.br,PE,Bezerros,"Rua Augusta, 43, 55660-000 - Centro",39.675.172/0001-09,-,62.04-0-00 - Consultoria em tecnologia da informação,,
Suporte de TI,Pedro Henrique de Oliveira Cavalcante,PHOC Tecnologia,(81) 9 9742 - 2932,pedro@phoctecnologia.com.br,PE,Recife,"Rua Abelardo, 45, 52050-310 - Graças",31.812.425/0001-29,-,95.11-8-00 - Reparação e manutenção de computadores e de equipamentos periféricos,,
Suporte de TI,Lanilson D.Oliveira LTDA,BOXDESK,(81) 4062 9596 | (81) 9 9790 - 6461,lanilson@boxdesk.com.br,PE,Recife,"Rua Vigário Tenório, 105, Sala 0104, 50030-010 - Bairro do Recife",12.558.142/0001-58,-,"62.09-1-00 - Suporte técnico, manutenção e outros serviços em tecnologia da informação",,
Treinamento Brigada de Incendio,ACADEMIA DE TREINAMENTO DE BOMBEIRO CIVIL EIRELI,APEBC BRASIL,-,-,PE,Recife,"AV CONDE DA BOA VISTA, 700, ANDAR 3, 50.060-004 - BOA VISTA",23.894.383/0001-94,-,78.10-8-00 - Seleção e agenciamento de mão-de-obra,,
Treinamento Brigada de Incendio,GT FIRE PROJETOS CONSULTORIA E TREINAMENTO LTDA,GT FIRE PROJETOS CONSULTORIA E TREINAMENTO,(81) 8804-7833,GTFIREPROCONSULT@GMAIL.COM,PE,Recife,"AV GOVERNADOR AGAMENON MAGALHAES, 2936, SALA 0706 EDF SOBRADO EMP CXPST 58, 52.020-000 - ESPINHEIRO",26.724.141/0001-40,-,43.22-3-03 - Instalações de sistema de prevenção contra incêndio,,
Treinamento Brigada de Incendio,J A GUERRA NERY EXTINTORES,NORDESTE EXTINTORES,-,-,-,-,-,17.401.705.0001/13,-,-,,
Treinamento Costureiras ,VIRGINIA CONCEICAO VASCONCELOS CARNEIRO 06381617462,INTERSER CURSOS E TREINAMENTOS,(81) 9209-3637,virginiavlins@gmail.com,PE,Santa Cruz do Capibaribe,"R MARIA EULALIA BARBOSA LIRA (LOT D LICA), 413, 55.192-648, DONA DOM
",24.367.056/0001-47,-,"85.99-6-04 - Treinamento em desenvolvimento profissional e gerencial
",,
Treinameto - (Participação em processos seletivos),CATIA M S MACIEL,INSER GESTÃO,(81) 9242-9640,ATENDIMENTO@CATIAMACIEL.COM.BR,PE,Caruaru,"AV VIGILANTE RODOVIARIO, 130, 55.014-553 - NOVA CARUARU",07.162.200/0001-90,-,85.99-6-04 - Treinamento em desenvolvimento profissional e gerencial,,
Treinameto - (Participação em processos seletivos),FABIANA CASSIA SOARES DE SOUZA 61492655449,AUDITARH,(81) 3114-7174,fabiana.soares2308@hotmail.com,PE,Recife,"R CONDE DE IRAJA, 301, APT 1002, 50.710-310 - TORRE",26.332.698/0001-36,-,85.99-6-04 - Treinamento em desenvolvimento profissional e gerencial,,
"Workshop - (Tecnologia, programação e design para meninas e mulheres)",MILENA DE ALMEIDA SANTOS 70215955498,MILENA DE ALMEIDA SANTOS,(81) 9862-6532,milenaalmeida_@hotmail.com,PE,Recife,"R ENGENHEIRO VASCONCELOS BITTENCOURT,461,ANDAR 302,50.740-180
,VARZEA",46.335.831/0001-15,-,85.99-6-04 - Treinamento em desenvolvimento profissional e gerencial,,
Transporte (Vans),-,Caruaru Vans,(81) 3738-1472,somavirtual@hotmail.com,PE,-,-,-,-,-,,
Transporte (Vans),-,HENDRICKSON SANTOS LIMA – ME,(81) 3727-5658,caruaruvans@hotmail.com,PE,Caruaru,-,-,-,-,,
Transporte (Vans),-,Recife Vans,(81) 3338.7432 / 3455.3755,comercial@vansrecife.com.br,PE,Recife,-,-,-,-,,
Transporte (Vans),-,Grupo Coletivo,81 98253-5040 | 81 3721-0505,coletivos@coletivos.com.br,PE,-,-,-,-,-,,
